{"polygon": [0.3026798587557792, 0.5240490278951817, 0.7085165871120459, 0.5252465483234713, 0.8080044025270169, 0.817004790081713, 0.1860466934043428, 0.8354372123602892], "distance": 40}