{
  "lanes": [
    {
      "name": "Northbound",
      "line_a": [
        0.1050754437230742,
        0.6559218521956559,
        0.4919067194432388,
        0.8152625115363152
      ],
      "line_b": [
        0.41371741903171616,
        0.2731379694117731,
        0.6945816165625803,
        0.39450548332689445
      ],
      "distance": 25
    },
    {
      "name": "Lane 2",
      "line_a": [
        0.2645404642992059,
        0.2932844895582933,
        0.057750340842415766,
        0.5643467606205643
      ],
      "line_b": [
        0.7233882009247203,
        0.3995115957853995,
        0.5752400527765722,
        0.7566544529282566
      ],
      "distance": 5
    }
  ]
}