{"polygon": [0.3750256937307297, 0.28732681090999185, 0.7596094552929085, 0.38787190871285937, 0.5643371017471736, 0.9670309580730057, -0.05560123329907505, 0.8227474536432489], "distance": 5}