{"polygon": [0.3637204522096608, 0.36776556776556774, 0.6383350462487152, 0.3659340659340659, 0.7709146968139773, 0.7659340659340659, 0.1869475847893114, 0.8428571428571429], "distance": 5}